<?xml version="1.0" encoding="UTF-8"?>
<!DOCTYPE mapper
        PUBLIC "-//mybatis.org//DTD Mapper 3.0//EN"
        "http://mybatis.org/dtd/mybatis-3-mapper.dtd">
<mapper namespace="edu.hhxy.mapper.AdminMapper">

    <resultMap id="BaseResultMap" type="edu.hhxy.domain.Admin">
            <id property="adminId" column="admin_id" jdbcType="INTEGER"/>
            <result property="adminName" column="admin_name" jdbcType="VARCHAR"/>
            <result property="password" column="password" jdbcType="VARCHAR"/>
            <result property="createTime" column="create_time" jdbcType="TIMESTAMP"/>
    </resultMap>

    <sql id="Base_Column_List">
        admin_id,admin_name,password,
        create_time
    </sql>
</mapper>
