<?xml version="1.0" encoding="UTF-8"?>
<!DOCTYPE mapper
        PUBLIC "-//mybatis.org//DTD Mapper 3.0//EN"
        "http://mybatis.org/dtd/mybatis-3-mapper.dtd">
<mapper namespace="edu.hhxy.mapper.DerivativeMapper">

    <resultMap id="BaseResultMap" type="edu.hhxy.domain.Derivative">
            <id property="derivativeId" column="derivative_id" jdbcType="INTEGER"/>
            <result property="derivativeName" column="derivative_name" jdbcType="VARCHAR"/>
            <result property="price" column="price" jdbcType="DECIMAL"/>
            <result property="createTime" column="create_time" jdbcType="TIMESTAMP"/>
            <result property="updateTime" column="update_time" jdbcType="TIMESTAMP"/>
            <result property="type" column="type" jdbcType="VARCHAR"/>
            <result property="derivativeQuantity" column="derivative_quantity" jdbcType="INTEGER"/>
    </resultMap>

    <sql id="Base_Column_List">
        derivative_id,derivative_name,price,
        create_time,update_time,type,
        derivative_quantity
    </sql>
</mapper>
