<?xml version="1.0" encoding="UTF-8"?>
<!DOCTYPE mapper
        PUBLIC "-//mybatis.org//DTD Mapper 3.0//EN"
        "http://mybatis.org/dtd/mybatis-3-mapper.dtd">
<mapper namespace="edu.hhxy.mapper.RiskMapper">

    <resultMap id="BaseResultMap" type="edu.hhxy.domain.Risk">
            <id property="riskId" column="risk_id" jdbcType="INTEGER"/>
            <result property="derivativeId" column="derivative_id" jdbcType="INTEGER"/>
            <result property="riskPrice" column="risk_price" jdbcType="DECIMAL"/>
            <result property="riskTime" column="risk_time" jdbcType="TIMESTAMP"/>
    </resultMap>

    <sql id="Base_Column_List">
        risk_id,derivative_id,risk_price,
        risk_time
    </sql>
</mapper>
