<?xml version="1.0" encoding="UTF-8"?>
<!DOCTYPE mapper
        PUBLIC "-//mybatis.org//DTD Mapper 3.0//EN"
        "http://mybatis.org/dtd/mybatis-3-mapper.dtd">
<mapper namespace="edu.hhxy.mapper.UserMapper">

    <resultMap id="BaseResultMap" type="edu.hhxy.domain.User">
            <id property="userId" column="user_id" jdbcType="INTEGER"/>
            <result property="username" column="username" jdbcType="VARCHAR"/>
            <result property="password" column="password" jdbcType="VARCHAR"/>
            <result property="phone" column="phone" jdbcType="VARCHAR"/>
            <result property="createTime" column="create_time" jdbcType="TIMESTAMP"/>
            <result property="money" column="money" jdbcType="DECIMAL"/>
            <result property="status" column="status" jdbcType="INTEGER"/>
    </resultMap>

    <sql id="Base_Column_List">
        user_id,username,password,
        phone,create_time,money,
        status
    </sql>
</mapper>
