<?xml version="1.0" encoding="UTF-8"?>
<Configuration status="WARN">
    <Appenders>
        <Console name="Console" target="SYSTEM_OUT">
            <PatternLayout pattern="%d{yyyy-MM-dd HH:mm:ss} [%t] %-5level %logger{36} - %msg%n"/>
        </Console>
    </Appenders>
    <Loggers>
        <!-- 设置特定包的日志级别 -->
        <Logger name="edu.hhxy" level="trace" additivity="false">
            <AppenderRef ref="Console"/>
        </Logger>
        <Root level="warn">
            <AppenderRef ref="Console"/>
        </Root>
    </Loggers>
</Configuration>