<?xml version="1.0" encoding="UTF-8" ?>
<!DOCTYPE configuration
        PUBLIC "-//mybatis.org//DTD Config 3.0//EN"
        "http://mybatis.org/dtd/mybatis-3-config.dtd">

<!-- 通过这个配置文件完成mybatis与数据库的连接 -->
<configuration>
    <environments default="test">
        <environment id="test">
            <!--配置事务管理，采用JDBC的事务管理  -->
            <transactionManager type="JDBC"></transactionManager>
            <!-- POOLED:mybatis自带的数据源，JNDI:基于tomcat的数据源 -->
            <dataSource type="POOLED">
                <property name="driver" value="com.mysql.cj.jdbc.Driver"/>
                <property name="url"
                          value="jdbc:mysql://localhost:3306/hhxydb?characterEncoding=utf8&amp;useSSL=false&amp;serverTimezone=UTC&amp;rewriteBatchedStatements=true"/>
                <property name="username" value="root"/>
                <property name="password" value="root"/>
            </dataSource>
        </environment>
    </environments>
    <mappers>
       <package name="edu.hhxy"/>
    </mappers>
</configuration>
